,labels
0,Physics
1,Physics
2,Physics
3,Physics
4,Computer Science
5,Physics
6,Computer Science
7,Computer Science
8,Computer Science
9,Mathematics
10,Computer Science
11,Mathematics
12,Computer Science
13,Computer Science
14,Computer Science
15,Mathematics
16,Mathematics
17,Computer Science
18,Physics
19,Mathematics
20,Mathematics
21,Computer Science
22,Physics
23,Computer Science
24,Computer Science
25,Computer Science
26,Mathematics
27,Mathematics
28,Computer Science
29,Physics
30,Computer Science
31,Computer Science
32,Computer Science
33,Computer Science
34,Computer Science
35,Computer Science
36,Mathematics
37,Computer Science
38,Physics
39,Physics
40,Computer Science
41,Computer Science
42,Mathematics
43,Computer Science
44,Mathematics
45,Physics
46,Computer Science
47,Computer Science
48,Computer Science
49,Mathematics
50,Mathematics
51,Computer Science
52,Mathematics
53,Computer Science
54,Computer Science
55,Computer Science
56,Computer Science
57,Mathematics
58,Computer Science
59,Computer Science
60,Computer Science
61,Mathematics
62,Computer Science
63,Mathematics
64,Mathematics
65,Mathematics
66,Physics
67,Computer Science
68,Physics
69,Computer Science
70,Computer Science
71,Physics
72,Computer Science
73,Computer Science
74,Computer Science
75,Computer Science
76,Computer Science
77,Physics
78,Computer Science
79,Physics
80,Computer Science
81,Mathematics
82,Computer Science
83,Mathematics
84,Computer Science
85,Physics
86,Computer Science
87,Computer Science
88,Physics
89,Computer Science
90,Physics
91,Mathematics
92,Physics
93,Mathematics
94,Computer Science
95,Mathematics
96,Computer Science
97,Physics
98,Computer Science
99,Computer Science
100,Computer Science
101,Computer Science
102,Physics
103,Physics
104,Computer Science
105,Mathematics
106,Mathematics
107,Physics
108,Computer Science
109,Computer Science
110,Computer Science
111,Computer Science
112,Computer Science
113,Physics
114,Computer Science
115,Physics
116,Computer Science
117,Computer Science
118,Computer Science
119,Computer Science
120,Computer Science
121,Mathematics
122,Physics
123,Mathematics
124,Computer Science
125,Computer Science
126,Physics
127,Computer Science
128,Mathematics
129,Computer Science
130,Mathematics
131,Mathematics
132,Computer Science
133,Computer Science
134,Physics
135,Computer Science
136,Physics
137,Mathematics
138,Mathematics
139,Physics
140,Physics
141,Computer Science
142,Computer Science
143,Physics
144,Physics
145,Mathematics
146,Computer Science
147,Mathematics
148,Physics
149,Physics
150,Computer Science
151,Computer Science
152,Computer Science
153,Physics
154,Physics
155,Computer Science
156,Computer Science
157,Computer Science
158,Computer Science
159,Computer Science
160,Computer Science
161,Computer Science
162,Computer Science
163,Computer Science
164,Computer Science
165,Physics
166,Computer Science
167,Computer Science
168,Mathematics
169,Computer Science
170,Computer Science
171,Computer Science
172,Computer Science
173,Computer Science
174,Computer Science
175,Physics
176,Physics
177,Computer Science
178,Mathematics
179,Mathematics
180,Computer Science
181,Physics
182,Computer Science
183,Physics
184,Physics
185,Computer Science
186,Computer Science
187,Computer Science
188,Computer Science
189,Computer Science
190,Computer Science
191,Physics
192,Physics
193,Mathematics
194,Computer Science
195,Computer Science
196,Physics
197,Physics
198,Computer Science
199,Mathematics
200,Computer Science
201,Physics
202,Computer Science
203,Mathematics
204,Physics
205,Physics
206,Physics
207,Computer Science
208,Physics
209,Computer Science
210,Computer Science
211,Computer Science
212,Physics
213,Computer Science
214,Physics
215,Computer Science
216,Computer Science
217,Physics
218,Physics
219,Computer Science
220,Computer Science
221,Computer Science
222,Computer Science
223,Physics
224,Computer Science
225,Physics
226,Computer Science
227,Computer Science
228,Computer Science
229,Physics
230,Computer Science
231,Physics
232,Computer Science
233,Computer Science
234,Computer Science
235,Computer Science
236,Computer Science
237,Computer Science
238,Computer Science
239,Computer Science
240,Computer Science
241,Computer Science
242,Physics
243,Computer Science
244,Computer Science
245,Physics
246,Computer Science
247,Computer Science
248,Physics
249,Computer Science
250,Physics
251,Computer Science
252,Computer Science
253,Physics
254,Computer Science
255,Mathematics
256,Physics
257,Computer Science
258,Computer Science
259,Computer Science
260,Physics
261,Physics
262,Computer Science
263,Computer Science
264,Computer Science
265,Computer Science
266,Computer Science
267,Computer Science
268,Computer Science
269,Computer Science
270,Physics
271,Computer Science
272,Computer Science
273,Computer Science
274,Mathematics
275,Computer Science
276,Physics
277,Physics
278,Computer Science
279,Computer Science
280,Computer Science
281,Computer Science
282,Computer Science
283,Physics
284,Physics
285,Physics
286,Computer Science
287,Physics
288,Computer Science
289,Computer Science
290,Physics
291,Computer Science
292,Computer Science
293,Computer Science
294,Computer Science
295,Computer Science
296,Mathematics
297,Physics
298,Mathematics
299,Computer Science
300,Computer Science
301,Mathematics
302,Computer Science
303,Computer Science
304,Computer Science
305,Computer Science
306,Computer Science
307,Physics
308,Computer Science
309,Physics
310,Computer Science
311,Mathematics
312,Physics
313,Physics
314,Computer Science
315,Computer Science
316,Computer Science
317,Computer Science
318,Physics
319,Computer Science
320,Computer Science
321,Mathematics
322,Computer Science
323,Physics
324,Computer Science
325,Computer Science
326,Mathematics
327,Computer Science
328,Mathematics
329,Mathematics
330,Computer Science
331,Computer Science
332,Computer Science
333,Computer Science
334,Computer Science
335,Computer Science
336,Physics
337,Computer Science
338,Computer Science
339,Physics
340,Physics
341,Mathematics
342,Physics
343,Physics
344,Computer Science
345,Computer Science
346,Physics
347,Computer Science
348,Physics
349,Physics
350,Mathematics
351,Computer Science
352,Mathematics
353,Computer Science
354,Computer Science
355,Computer Science
356,Computer Science
357,Computer Science
358,Physics
359,Physics
360,Computer Science
361,Computer Science
362,Computer Science
363,Computer Science
364,Physics
365,Mathematics
366,Computer Science
367,Computer Science
368,Computer Science
369,Mathematics
370,Computer Science
371,Computer Science
372,Mathematics
373,Computer Science
374,Computer Science
375,Computer Science
376,Computer Science
377,Computer Science
378,Physics
379,Computer Science
380,Computer Science
381,Mathematics
382,Computer Science
383,Mathematics
384,Physics
385,Physics
386,Computer Science
387,Computer Science
388,Computer Science
389,Computer Science
390,Computer Science
391,Physics
392,Computer Science
393,Computer Science
394,Computer Science
395,Mathematics
396,Computer Science
397,Computer Science
398,Physics
399,Computer Science
400,Computer Science
401,Computer Science
402,Physics
403,Computer Science
404,Physics
405,Computer Science
406,Computer Science
407,Computer Science
408,Physics
409,Computer Science
410,Computer Science
411,Computer Science
412,Physics
413,Computer Science
414,Computer Science
415,Computer Science
416,Computer Science
417,Mathematics
418,Computer Science
419,Physics
420,Computer Science
421,Physics
422,Computer Science
423,Physics
424,Computer Science
425,Computer Science
426,Computer Science
427,Physics
428,Computer Science
429,Computer Science
430,Physics
431,Computer Science
432,Mathematics
433,Physics
434,Physics
435,Physics
436,Physics
437,Physics
438,Computer Science
439,Computer Science
440,Computer Science
441,Computer Science
442,Computer Science
443,Mathematics
444,Mathematics
445,Physics
446,Computer Science
447,Computer Science
448,Physics
449,Mathematics
450,Computer Science
451,Computer Science
452,Computer Science
453,Physics
454,Computer Science
455,Mathematics
456,Physics
457,Computer Science
458,Physics
459,Computer Science
460,Computer Science
461,Computer Science
462,Computer Science
463,Computer Science
464,Physics
465,Computer Science
466,Physics
467,Computer Science
468,Computer Science
469,Mathematics
470,Computer Science
471,Physics
472,Computer Science
473,Physics
474,Computer Science
475,Computer Science
476,Computer Science
477,Physics
478,Computer Science
479,Physics
480,Physics
481,Computer Science
482,Mathematics
483,Computer Science
484,Computer Science
485,Physics
486,Physics
487,Physics
488,Computer Science
489,Computer Science
490,Computer Science
491,Computer Science
492,Physics
493,Computer Science
494,Computer Science
495,Mathematics
496,Mathematics
497,Mathematics
498,Computer Science
499,Physics
500,Computer Science
501,Mathematics
502,Physics
503,Physics
504,Physics
505,Computer Science
506,Mathematics
507,Computer Science
508,Mathematics
509,Computer Science
510,Computer Science
511,Computer Science
512,Computer Science
513,Physics
514,Physics
515,Mathematics
516,Physics
517,Physics
518,Computer Science
519,Computer Science
520,Computer Science
521,Computer Science
522,Computer Science
523,Mathematics
524,Physics
525,Physics
526,Computer Science
527,Physics
528,Computer Science
529,Computer Science
530,Computer Science
531,Computer Science
532,Physics
533,Computer Science
534,Mathematics
535,Computer Science
536,Computer Science
537,Computer Science
538,Mathematics
539,Physics
540,Computer Science
541,Computer Science
542,Computer Science
543,Computer Science
544,Mathematics
545,Computer Science
546,Physics
547,Computer Science
548,Mathematics
549,Computer Science
550,Computer Science
551,Computer Science
552,Computer Science
553,Computer Science
554,Computer Science
555,Physics
556,Computer Science
557,Physics
558,Physics
559,Computer Science
560,Computer Science
561,Computer Science
562,Mathematics
563,Computer Science
564,Computer Science
565,Physics
566,Computer Science
567,Computer Science
568,Mathematics
569,Computer Science
570,Physics
571,Computer Science
572,Physics
573,Computer Science
574,Computer Science
575,Computer Science
576,Physics
577,Computer Science
578,Physics
579,Physics
580,Physics
581,Computer Science
582,Computer Science
583,Computer Science
584,Physics
585,Computer Science
586,Mathematics
587,Computer Science
588,Computer Science
589,Computer Science
590,Computer Science
591,Physics
592,Physics
593,Physics
594,Mathematics
595,Computer Science
596,Physics
597,Physics
598,Computer Science
599,Computer Science
600,Computer Science
601,Computer Science
602,Computer Science
603,Computer Science
604,Physics
605,Mathematics
606,Computer Science
607,Physics
608,Mathematics
609,Physics
610,Physics
611,Physics
612,Physics
613,Computer Science
614,Mathematics
615,Computer Science
616,Computer Science
617,Physics
618,Computer Science
619,Physics
620,Computer Science
621,Mathematics
622,Physics
623,Computer Science
624,Computer Science
625,Physics
626,Physics
627,Physics
628,Computer Science
629,Computer Science
630,Physics
631,Physics
632,Computer Science
633,Computer Science
634,Computer Science
635,Physics
636,Mathematics
637,Computer Science
638,Mathematics
639,Physics
640,Computer Science
641,Computer Science
642,Mathematics
643,Computer Science
644,Computer Science
645,Physics
646,Computer Science
647,Mathematics
648,Computer Science
649,Computer Science
650,Computer Science
651,Computer Science
652,Physics
653,Physics
654,Physics
655,Mathematics
656,Mathematics
657,Mathematics
658,Computer Science
659,Computer Science
660,Computer Science
661,Computer Science
662,Computer Science
663,Computer Science
664,Computer Science
665,Mathematics
666,Computer Science
667,Mathematics
668,Computer Science
669,Mathematics
670,Computer Science
671,Mathematics
672,Computer Science
673,Computer Science
674,Computer Science
675,Mathematics
676,Computer Science
677,Computer Science
678,Computer Science
679,Physics
680,Computer Science
681,Physics
682,Physics
683,Computer Science
684,Mathematics
685,Physics
686,Physics
687,Computer Science
688,Computer Science
689,Physics
690,Computer Science
691,Computer Science
692,Computer Science
693,Mathematics
694,Computer Science
695,Computer Science
696,Computer Science
697,Mathematics
698,Physics
699,Computer Science
700,Computer Science
701,Mathematics
702,Computer Science
703,Physics
704,Computer Science
705,Physics
706,Computer Science
707,Computer Science
708,Physics
709,Physics
710,Computer Science
711,Physics
712,Computer Science
713,Computer Science
714,Computer Science
715,Computer Science
716,Mathematics
717,Computer Science
718,Physics
719,Mathematics
720,Physics
721,Physics
722,Computer Science
723,Mathematics
724,Computer Science
725,Computer Science
726,Computer Science
727,Physics
728,Computer Science
729,Computer Science
730,Mathematics
731,Computer Science
732,Mathematics
733,Computer Science
734,Physics
735,Physics
736,Physics
737,Computer Science
738,Computer Science
739,Computer Science
740,Computer Science
741,Computer Science
742,Physics
743,Mathematics
744,Computer Science
745,Computer Science
746,Computer Science
747,Mathematics
748,Computer Science
749,Computer Science
750,Physics
751,Computer Science
752,Physics
753,Computer Science
754,Computer Science
755,Computer Science
756,Physics
757,Physics
758,Computer Science
759,Computer Science
760,Computer Science
761,Computer Science
762,Computer Science
763,Computer Science
764,Computer Science
765,Computer Science
766,Physics
767,Computer Science
768,Physics
769,Computer Science
770,Mathematics
771,Computer Science
772,Physics
773,Physics
774,Mathematics
775,Computer Science
776,Computer Science
777,Computer Science
778,Mathematics
779,Computer Science
780,Computer Science
781,Computer Science
782,Physics
783,Physics
784,Computer Science
785,Computer Science
786,Computer Science
787,Computer Science
788,Mathematics
789,Physics
790,Computer Science
791,Physics
792,Mathematics
793,Physics
794,Computer Science
795,Computer Science
796,Computer Science
797,Computer Science
798,Physics
799,Physics
800,Physics
801,Computer Science
802,Computer Science
803,Mathematics
804,Computer Science
805,Computer Science
806,Physics
807,Computer Science
808,Physics
809,Mathematics
810,Computer Science
811,Computer Science
812,Computer Science
813,Computer Science
814,Computer Science
815,Computer Science
816,Mathematics
817,Computer Science
818,Computer Science
819,Mathematics
820,Computer Science
821,Mathematics
822,Mathematics
823,Computer Science
824,Computer Science
825,Physics
826,Computer Science
827,Computer Science
828,Mathematics
829,Computer Science
830,Physics
831,Physics
832,Physics
833,Physics
834,Physics
835,Computer Science
836,Computer Science
837,Mathematics
838,Computer Science
839,Computer Science
840,Computer Science
841,Mathematics
842,Computer Science
843,Computer Science
844,Physics
845,Physics
846,Computer Science
847,Computer Science
848,Computer Science
849,Mathematics
850,Physics
851,Computer Science
852,Physics
853,Physics
854,Computer Science
855,Computer Science
856,Computer Science
857,Computer Science
858,Mathematics
859,Physics
860,Physics
861,Physics
862,Computer Science
863,Computer Science
864,Physics
865,Physics
866,Computer Science
867,Mathematics
868,Computer Science
869,Computer Science
870,Physics
871,Computer Science
872,Mathematics
873,Physics
874,Physics
875,Physics
876,Physics
877,Computer Science
878,Mathematics
879,Computer Science
880,Physics
881,Computer Science
882,Mathematics
883,Computer Science
884,Computer Science
885,Computer Science
886,Computer Science
887,Computer Science
888,Mathematics
889,Computer Science
890,Computer Science
891,Physics
892,Computer Science
893,Mathematics
894,Physics
895,Computer Science
896,Computer Science
897,Mathematics
898,Physics
899,Computer Science
900,Computer Science
901,Mathematics
902,Physics
903,Computer Science
904,Computer Science
905,Physics
906,Computer Science
907,Mathematics
908,Mathematics
909,Mathematics
910,Computer Science
911,Physics
912,Physics
913,Physics
914,Physics
915,Computer Science
916,Physics
917,Physics
918,Computer Science
919,Mathematics
920,Computer Science
921,Computer Science
922,Computer Science
923,Computer Science
924,Computer Science
925,Physics
926,Computer Science
927,Mathematics
928,Physics
929,Computer Science
930,Mathematics
931,Computer Science
932,Computer Science
933,Computer Science
934,Computer Science
935,Physics
936,Computer Science
937,Physics
938,Computer Science
939,Physics
940,Computer Science
941,Physics
942,Mathematics
943,Mathematics
944,Mathematics
945,Mathematics
946,Computer Science
947,Computer Science
948,Mathematics
949,Computer Science
950,Computer Science
951,Computer Science
952,Computer Science
953,Mathematics
954,Computer Science
955,Physics
956,Computer Science
957,Physics
958,Physics
959,Computer Science
960,Physics
961,Computer Science
962,Computer Science
963,Computer Science
964,Physics
965,Computer Science
966,Computer Science
967,Computer Science
968,Computer Science
969,Computer Science
970,Computer Science
971,Physics
972,Physics
973,Computer Science
974,Computer Science
975,Physics
976,Mathematics
977,Physics
978,Computer Science
979,Computer Science
980,Physics
981,Computer Science
982,Computer Science
983,Physics
984,Mathematics
985,Mathematics
986,Computer Science
987,Computer Science
988,Physics
989,Computer Science
990,Computer Science
991,Physics
992,Computer Science
993,Physics
994,Physics
995,Physics
996,Physics
997,Mathematics
998,Computer Science
999,Computer Science
1000,Computer Science
1001,Physics
1002,Computer Science
1003,Computer Science
1004,Physics
1005,Physics
1006,Physics
1007,Physics
1008,Physics
1009,Computer Science
1010,Computer Science
1011,Computer Science
1012,Computer Science
1013,Physics
1014,Physics
1015,Computer Science
1016,Physics
1017,Computer Science
1018,Computer Science
1019,Physics
1020,Computer Science
1021,Computer Science
1022,Computer Science
1023,Mathematics
1024,Computer Science
1025,Computer Science
1026,Computer Science
1027,Computer Science
1028,Computer Science
1029,Mathematics
1030,Computer Science
1031,Physics
1032,Physics
1033,Computer Science
1034,Computer Science
1035,Mathematics
1036,Physics
1037,Computer Science
1038,Computer Science
1039,Computer Science
1040,Computer Science
1041,Computer Science
1042,Physics
1043,Physics
1044,Physics
1045,Physics
1046,Physics
1047,Computer Science
1048,Computer Science
1049,Physics
1050,Computer Science
1051,Computer Science
1052,Computer Science
1053,Computer Science
1054,Computer Science
1055,Computer Science
1056,Mathematics
1057,Mathematics
1058,Mathematics
1059,Physics
1060,Computer Science
1061,Mathematics
1062,Physics
1063,Computer Science
1064,Mathematics
1065,Mathematics
1066,Mathematics
1067,Computer Science
1068,Physics
1069,Computer Science
1070,Computer Science
1071,Mathematics
1072,Computer Science
1073,Mathematics
1074,Physics
1075,Computer Science
1076,Physics
1077,Mathematics
1078,Mathematics
1079,Computer Science
1080,Mathematics
1081,Computer Science
1082,Mathematics
1083,Computer Science
1084,Computer Science
1085,Mathematics
1086,Physics
1087,Computer Science
1088,Mathematics
1089,Mathematics
1090,Physics
1091,Computer Science
1092,Computer Science
1093,Computer Science
1094,Physics
1095,Computer Science
1096,Mathematics
1097,Computer Science
1098,Mathematics
1099,Computer Science
1100,Mathematics
1101,Mathematics
1102,Computer Science
1103,Computer Science
1104,Mathematics
1105,Physics
1106,Computer Science
1107,Computer Science
1108,Computer Science
1109,Physics
1110,Computer Science
1111,Computer Science
1112,Computer Science
1113,Computer Science
1114,Physics
1115,Computer Science
1116,Physics
1117,Mathematics
1118,Mathematics
1119,Mathematics
1120,Mathematics
1121,Computer Science
1122,Physics
1123,Physics
1124,Mathematics
1125,Computer Science
1126,Physics
1127,Physics
1128,Physics
1129,Physics
1130,Computer Science
1131,Mathematics
1132,Computer Science
1133,Computer Science
1134,Computer Science
1135,Physics
1136,Physics
1137,Computer Science
1138,Computer Science
1139,Computer Science
1140,Mathematics
1141,Computer Science
1142,Mathematics
1143,Mathematics
1144,Physics
1145,Mathematics
1146,Computer Science
1147,Computer Science
1148,Physics
1149,Computer Science
1150,Mathematics
1151,Mathematics
1152,Computer Science
1153,Physics
1154,Computer Science
1155,Computer Science
1156,Computer Science
1157,Physics
1158,Computer Science
1159,Mathematics
1160,Physics
1161,Computer Science
1162,Physics
1163,Computer Science
1164,Computer Science
1165,Computer Science
1166,Physics
1167,Computer Science
1168,Physics
1169,Physics
1170,Computer Science
1171,Computer Science
1172,Computer Science
1173,Mathematics
1174,Computer Science
1175,Physics
1176,Computer Science
1177,Physics
1178,Computer Science
1179,Computer Science
1180,Mathematics
1181,Computer Science
1182,Mathematics
1183,Mathematics
1184,Computer Science
1185,Computer Science
1186,Mathematics
1187,Computer Science
1188,Computer Science
1189,Physics
1190,Physics
1191,Computer Science
1192,Physics
1193,Computer Science
1194,Computer Science
1195,Physics
1196,Physics
1197,Computer Science
1198,Computer Science
1199,Physics
1200,Computer Science
1201,Mathematics
1202,Physics
1203,Computer Science
1204,Computer Science
1205,Mathematics
1206,Physics
1207,Physics
1208,Computer Science
1209,Computer Science
1210,Computer Science
1211,Physics
1212,Mathematics
1213,Physics
1214,Computer Science
1215,Computer Science
1216,Mathematics
1217,Computer Science
1218,Computer Science
1219,Computer Science
1220,Physics
1221,Mathematics
1222,Physics
1223,Computer Science
1224,Computer Science
1225,Computer Science
1226,Physics
1227,Computer Science
1228,Computer Science
1229,Computer Science
1230,Physics
1231,Computer Science
1232,Computer Science
1233,Physics
1234,Mathematics
1235,Mathematics
1236,Physics
1237,Computer Science
1238,Mathematics
1239,Physics
1240,Mathematics
1241,Computer Science
1242,Physics
1243,Computer Science
1244,Computer Science
1245,Physics
1246,Physics
1247,Physics
1248,Mathematics
1249,Physics
1250,Mathematics
1251,Computer Science
1252,Physics
1253,Computer Science
1254,Computer Science
1255,Physics
1256,Computer Science
1257,Computer Science
1258,Physics
1259,Physics
1260,Computer Science
1261,Mathematics
1262,Physics
1263,Physics
1264,Physics
1265,Computer Science
1266,Computer Science
1267,Computer Science
1268,Computer Science
1269,Physics
1270,Computer Science
1271,Computer Science
1272,Computer Science
1273,Computer Science
1274,Physics
1275,Physics
1276,Mathematics
1277,Computer Science
1278,Computer Science
1279,Physics
1280,Computer Science
1281,Mathematics
1282,Computer Science
1283,Computer Science
1284,Computer Science
1285,Computer Science
1286,Physics
1287,Physics
1288,Physics
1289,Computer Science
1290,Computer Science
1291,Mathematics
1292,Computer Science
1293,Computer Science
1294,Physics
1295,Computer Science
1296,Computer Science
1297,Physics
1298,Mathematics
1299,Computer Science
1300,Computer Science
1301,Computer Science
1302,Mathematics
1303,Physics
1304,Computer Science
1305,Computer Science
1306,Mathematics
1307,Physics
1308,Computer Science
1309,Physics
1310,Computer Science
1311,Physics
1312,Computer Science
1313,Computer Science
1314,Computer Science
1315,Computer Science
1316,Mathematics
1317,Computer Science
1318,Computer Science
1319,Physics
1320,Physics
1321,Physics
1322,Physics
1323,Physics
1324,Computer Science
1325,Computer Science
1326,Mathematics
1327,Mathematics
1328,Physics
1329,Physics
1330,Physics
1331,Physics
1332,Mathematics
1333,Mathematics
1334,Computer Science
1335,Computer Science
1336,Computer Science
1337,Computer Science
1338,Mathematics
1339,Computer Science
1340,Physics
1341,Computer Science
1342,Physics
1343,Physics
1344,Mathematics
1345,Computer Science
1346,Computer Science
1347,Physics
1348,Computer Science
1349,Computer Science
1350,Computer Science
1351,Computer Science
1352,Physics
1353,Computer Science
1354,Computer Science
1355,Computer Science
1356,Physics
1357,Computer Science
1358,Computer Science
1359,Computer Science
1360,Physics
1361,Computer Science
1362,Physics
1363,Physics
1364,Physics
1365,Mathematics
1366,Computer Science
1367,Computer Science
1368,Computer Science
1369,Mathematics
1370,Physics
1371,Computer Science
1372,Computer Science
1373,Mathematics
1374,Computer Science
1375,Computer Science
1376,Physics
1377,Computer Science
1378,Computer Science
1379,Physics
1380,Computer Science
1381,Mathematics
1382,Computer Science
1383,Computer Science
1384,Physics
1385,Physics
1386,Mathematics
1387,Physics
1388,Physics
1389,Computer Science
1390,Computer Science
1391,Computer Science
1392,Mathematics
1393,Computer Science
1394,Computer Science
1395,Physics
1396,Computer Science
1397,Mathematics
1398,Computer Science
1399,Physics
1400,Computer Science
1401,Computer Science
1402,Computer Science
1403,Computer Science
1404,Computer Science
1405,Computer Science
1406,Computer Science
1407,Computer Science
1408,Computer Science
1409,Computer Science
1410,Computer Science
1411,Mathematics
1412,Computer Science
1413,Computer Science
1414,Physics
1415,Computer Science
1416,Mathematics
1417,Physics
1418,Physics
1419,Physics
1420,Computer Science
1421,Physics
1422,Computer Science
1423,Physics
1424,Computer Science
1425,Mathematics
1426,Computer Science
1427,Computer Science
1428,Computer Science
1429,Physics
1430,Physics
1431,Physics
1432,Computer Science
1433,Computer Science
1434,Computer Science
1435,Physics
1436,Computer Science
1437,Computer Science
1438,Physics
1439,Physics
1440,Mathematics
1441,Computer Science
1442,Computer Science
1443,Physics
1444,Physics
1445,Computer Science
1446,Physics
1447,Computer Science
1448,Computer Science
1449,Computer Science
1450,Computer Science
1451,Computer Science
1452,Computer Science
1453,Computer Science
1454,Computer Science
1455,Computer Science
1456,Physics
1457,Computer Science
1458,Computer Science
1459,Physics
1460,Computer Science
1461,Computer Science
1462,Physics
1463,Computer Science
1464,Physics
1465,Physics
1466,Computer Science
1467,Computer Science
1468,Computer Science
1469,Computer Science
1470,Computer Science
1471,Computer Science
1472,Computer Science
1473,Computer Science
1474,Physics
1475,Computer Science
1476,Physics
1477,Computer Science
1478,Computer Science
1479,Computer Science
1480,Computer Science
1481,Mathematics
1482,Mathematics
1483,Computer Science
1484,Physics
1485,Computer Science
1486,Mathematics
1487,Computer Science
1488,Computer Science
1489,Computer Science
1490,Computer Science
1491,Computer Science
1492,Computer Science
1493,Mathematics
1494,Computer Science
1495,Physics
1496,Mathematics
1497,Physics
1498,Physics
1499,Computer Science
1500,Physics
1501,Computer Science
1502,Computer Science
1503,Physics
1504,Physics
1505,Computer Science
1506,Computer Science
1507,Computer Science
1508,Mathematics
1509,Computer Science
1510,Computer Science
1511,Computer Science
1512,Computer Science
1513,Computer Science
1514,Physics
1515,Computer Science
1516,Mathematics
1517,Computer Science
1518,Computer Science
1519,Computer Science
1520,Physics
1521,Computer Science
1522,Computer Science
1523,Computer Science
1524,Computer Science
1525,Computer Science
1526,Computer Science
1527,Computer Science
1528,Physics
1529,Computer Science
1530,Physics
1531,Computer Science
1532,Computer Science
1533,Computer Science
1534,Computer Science
1535,Physics
1536,Computer Science
1537,Physics
1538,Computer Science
1539,Physics
1540,Computer Science
1541,Computer Science
1542,Mathematics
1543,Physics
1544,Computer Science
1545,Physics
1546,Computer Science
1547,Computer Science
1548,Computer Science
1549,Physics
1550,Computer Science
1551,Computer Science
1552,Computer Science
1553,Physics
1554,Computer Science
1555,Computer Science
1556,Mathematics
1557,Computer Science
1558,Computer Science
1559,Computer Science
1560,Computer Science
1561,Computer Science
1562,Computer Science
1563,Physics
1564,Computer Science
1565,Computer Science
1566,Computer Science
1567,Computer Science
1568,Computer Science
1569,Mathematics
1570,Computer Science
1571,Computer Science
1572,Computer Science
1573,Computer Science
1574,Computer Science
1575,Physics
1576,Computer Science
1577,Computer Science
1578,Physics
1579,Computer Science
1580,Computer Science
1581,Computer Science
1582,Computer Science
1583,Mathematics
1584,Computer Science
1585,Physics
1586,Mathematics
1587,Mathematics
1588,Physics
1589,Computer Science
1590,Mathematics
1591,Physics
1592,Computer Science
1593,Computer Science
1594,Physics
1595,Physics
1596,Computer Science
1597,Computer Science
1598,Physics
1599,Computer Science
1600,Computer Science
1601,Physics
1602,Computer Science
1603,Computer Science
1604,Computer Science
1605,Computer Science
1606,Computer Science
1607,Mathematics
1608,Mathematics
1609,Physics
1610,Mathematics
1611,Computer Science
1612,Physics
1613,Computer Science
1614,Computer Science
1615,Computer Science
1616,Computer Science
1617,Mathematics
1618,Computer Science
1619,Physics
1620,Physics
1621,Physics
1622,Computer Science
1623,Physics
1624,Physics
1625,Computer Science
1626,Computer Science
1627,Computer Science
1628,Computer Science
1629,Mathematics
1630,Computer Science
1631,Computer Science
1632,Mathematics
1633,Physics
1634,Computer Science
1635,Physics
1636,Mathematics
1637,Computer Science
1638,Physics
1639,Computer Science
1640,Physics
1641,Mathematics
1642,Computer Science
1643,Mathematics
1644,Physics
1645,Computer Science
1646,Computer Science
1647,Mathematics
1648,Computer Science
1649,Physics
1650,Computer Science
1651,Computer Science
1652,Computer Science
1653,Physics
1654,Computer Science
1655,Physics
1656,Mathematics
1657,Mathematics
1658,Physics
1659,Computer Science
1660,Computer Science
1661,Computer Science
1662,Physics
1663,Computer Science
1664,Computer Science
1665,Computer Science
1666,Computer Science
1667,Physics
1668,Mathematics
1669,Physics
1670,Physics
1671,Physics
1672,Computer Science
1673,Computer Science
1674,Physics
1675,Computer Science
1676,Computer Science
1677,Mathematics
1678,Computer Science
1679,Physics
1680,Computer Science
1681,Computer Science
1682,Computer Science
1683,Computer Science
1684,Mathematics
1685,Computer Science
1686,Computer Science
1687,Physics
1688,Mathematics
1689,Physics
1690,Physics
1691,Physics
1692,Computer Science
1693,Computer Science
1694,Physics
1695,Physics
1696,Computer Science
1697,Physics
1698,Physics
1699,Computer Science
1700,Computer Science
1701,Computer Science
1702,Mathematics
1703,Computer Science
1704,Physics
1705,Physics
1706,Mathematics
1707,Physics
1708,Computer Science
1709,Computer Science
1710,Computer Science
1711,Computer Science
1712,Physics
1713,Physics
1714,Mathematics
1715,Computer Science
1716,Computer Science
1717,Computer Science
1718,Mathematics
1719,Physics
1720,Physics
1721,Computer Science
1722,Computer Science
1723,Physics
1724,Computer Science
1725,Computer Science
1726,Computer Science
1727,Computer Science
1728,Physics
1729,Physics
1730,Physics
1731,Computer Science
1732,Computer Science
1733,Physics
1734,Computer Science
1735,Computer Science
1736,Computer Science
1737,Computer Science
1738,Computer Science
1739,Computer Science
1740,Computer Science
1741,Computer Science
1742,Physics
1743,Computer Science
1744,Mathematics
1745,Computer Science
1746,Computer Science
1747,Computer Science
1748,Computer Science
1749,Computer Science
1750,Physics
1751,Mathematics
1752,Physics
1753,Computer Science
1754,Physics
1755,Physics
1756,Physics
1757,Computer Science
1758,Computer Science
1759,Computer Science
1760,Computer Science
1761,Computer Science
1762,Computer Science
1763,Computer Science
1764,Computer Science
1765,Physics
1766,Physics
1767,Computer Science
1768,Physics
1769,Computer Science
1770,Mathematics
1771,Computer Science
1772,Physics
1773,Computer Science
1774,Mathematics
1775,Computer Science
1776,Mathematics
1777,Computer Science
1778,Physics
1779,Mathematics
1780,Computer Science
1781,Physics
1782,Computer Science
1783,Physics
1784,Computer Science
1785,Computer Science
1786,Computer Science
1787,Computer Science
1788,Physics
1789,Computer Science
1790,Computer Science
1791,Computer Science
1792,Computer Science
1793,Computer Science
1794,Mathematics
1795,Physics
1796,Computer Science
1797,Computer Science
1798,Computer Science
1799,Physics
1800,Mathematics
1801,Computer Science
1802,Computer Science
1803,Physics
1804,Computer Science
1805,Physics
1806,Computer Science
1807,Computer Science
1808,Physics
1809,Mathematics
1810,Computer Science
1811,Computer Science
1812,Computer Science
1813,Computer Science
1814,Computer Science
1815,Physics
1816,Physics
1817,Computer Science
1818,Computer Science
1819,Physics
1820,Computer Science
1821,Mathematics
1822,Computer Science
1823,Computer Science
1824,Computer Science
1825,Computer Science
1826,Physics
1827,Computer Science
1828,Computer Science
1829,Physics
1830,Computer Science
1831,Computer Science
1832,Computer Science
1833,Physics
1834,Computer Science
1835,Physics
1836,Computer Science
1837,Mathematics
1838,Computer Science
1839,Computer Science
1840,Computer Science
1841,Computer Science
1842,Mathematics
1843,Computer Science
1844,Computer Science
1845,Computer Science
1846,Physics
1847,Physics
1848,Mathematics
1849,Computer Science
1850,Physics
1851,Mathematics
1852,Physics
1853,Physics
1854,Computer Science
1855,Computer Science
1856,Physics
1857,Physics
1858,Computer Science
1859,Computer Science
1860,Computer Science
1861,Computer Science
1862,Computer Science
1863,Computer Science
1864,Mathematics
1865,Physics
1866,Computer Science
1867,Computer Science
1868,Mathematics
1869,Computer Science
1870,Computer Science
1871,Computer Science
1872,Physics
1873,Computer Science
1874,Computer Science
1875,Physics
1876,Computer Science
1877,Computer Science
1878,Physics
1879,Computer Science
1880,Physics
1881,Computer Science
1882,Mathematics
1883,Physics
1884,Computer Science
1885,Mathematics
1886,Computer Science
1887,Computer Science
1888,Computer Science
1889,Computer Science
1890,Physics
1891,Physics
1892,Computer Science
1893,Computer Science
1894,Mathematics
1895,Mathematics
1896,Computer Science
1897,Mathematics
1898,Computer Science
1899,Mathematics
1900,Computer Science
1901,Computer Science
1902,Physics
1903,Computer Science
1904,Physics
1905,Mathematics
1906,Physics
1907,Computer Science
1908,Physics
1909,Computer Science
1910,Physics
1911,Physics
1912,Computer Science
1913,Physics
1914,Physics
1915,Computer Science
1916,Computer Science
1917,Computer Science
1918,Computer Science
1919,Computer Science
1920,Physics
1921,Mathematics
1922,Computer Science
1923,Computer Science
1924,"Computer Science,Statistics"
1925,Mathematics
1926,Physics
1927,Mathematics
1928,Computer Science
1929,Mathematics
1930,Computer Science
1931,Computer Science
1932,Computer Science
1933,Computer Science
1934,Computer Science
1935,Computer Science
1936,Physics
1937,Computer Science
1938,Computer Science
1939,Physics
1940,Physics
1941,Computer Science
1942,Physics
1943,Mathematics
1944,Computer Science
1945,Physics
1946,Mathematics
1947,Computer Science
1948,Mathematics
1949,Physics
1950,Mathematics
1951,Computer Science
1952,Physics
1953,Computer Science
1954,Computer Science
1955,Computer Science
1956,Mathematics
1957,Computer Science
1958,Computer Science
1959,Physics
1960,Computer Science
1961,Mathematics
1962,Computer Science
1963,Physics
1964,Physics
1965,Computer Science
1966,Computer Science
1967,Computer Science
1968,"Computer Science,Statistics"
1969,Computer Science
1970,Physics
1971,Computer Science
1972,Physics
1973,Computer Science
1974,Computer Science
1975,Physics
1976,Physics
1977,Computer Science
1978,Physics
1979,Computer Science
1980,Computer Science
1981,Physics
1982,Computer Science
1983,Computer Science
1984,Physics
1985,Physics
1986,Computer Science
1987,Physics
1988,Physics
1989,Physics
1990,Computer Science
1991,Physics
1992,Physics
1993,Computer Science
1994,Mathematics
1995,Physics
1996,Mathematics
1997,Physics
1998,Computer Science
1999,Computer Science
2000,Computer Science
2001,Computer Science
2002,Computer Science
2003,Mathematics
2004,Computer Science
2005,Computer Science
2006,Computer Science
2007,Computer Science
2008,Computer Science
2009,Mathematics
2010,Physics
2011,Computer Science
2012,Computer Science
2013,Physics
2014,Computer Science
2015,Computer Science
2016,Physics
2017,Computer Science
2018,Physics
2019,Computer Science
2020,Computer Science
2021,Mathematics
2022,Computer Science
2023,Computer Science
2024,Physics
2025,Physics
2026,Computer Science
2027,Computer Science
2028,Mathematics
2029,Computer Science
2030,Mathematics
2031,Physics
2032,Physics
2033,Computer Science
2034,Physics
2035,Computer Science
2036,Computer Science
2037,Computer Science
2038,Computer Science
2039,Computer Science
2040,Computer Science
2041,Computer Science
2042,Computer Science
2043,Computer Science
2044,Computer Science
2045,Mathematics
2046,Computer Science
2047,Computer Science
2048,Computer Science
2049,Computer Science
2050,Computer Science
2051,Computer Science
2052,Computer Science
2053,Computer Science
2054,Physics
2055,Physics
2056,Mathematics
2057,Mathematics
2058,Physics
2059,Physics
2060,Computer Science
2061,Physics
2062,Computer Science
2063,Computer Science
2064,Computer Science
2065,Computer Science
2066,Physics
2067,Computer Science
2068,Computer Science
2069,Computer Science
2070,Computer Science
2071,Physics
2072,Mathematics
2073,Computer Science
2074,Computer Science
2075,Physics
2076,Physics
2077,Computer Science
2078,Mathematics
2079,Mathematics
2080,Physics
2081,Computer Science
2082,Physics
2083,Mathematics
2084,Computer Science
2085,Computer Science
2086,Computer Science
2087,Computer Science
2088,Computer Science
2089,Computer Science
2090,Computer Science
2091,Computer Science
2092,Mathematics
2093,Physics
2094,Computer Science
2095,Physics
2096,Computer Science
2097,Computer Science
2098,Physics
2099,Computer Science
2100,Computer Science
2101,Computer Science
2102,Mathematics
2103,Mathematics
2104,Physics
2105,Computer Science
2106,Physics
2107,Computer Science
2108,Computer Science
2109,Mathematics
2110,Mathematics
2111,Computer Science
2112,Computer Science
2113,Mathematics
2114,Physics
2115,Physics
2116,Physics
2117,Computer Science
2118,Computer Science
2119,Physics
2120,Computer Science
2121,Computer Science
2122,Computer Science
2123,Physics
2124,Computer Science
2125,Physics
2126,Computer Science
2127,Mathematics
2128,Mathematics
2129,Computer Science
2130,Computer Science
2131,Computer Science
2132,Computer Science
2133,Physics
2134,Computer Science
2135,Computer Science
2136,Computer Science
2137,Physics
2138,Computer Science
2139,Mathematics
2140,Computer Science
2141,Computer Science
2142,Mathematics
2143,Mathematics
2144,Computer Science
2145,Computer Science
2146,Computer Science
2147,Computer Science
2148,Mathematics
2149,Computer Science
2150,Computer Science
2151,Computer Science
2152,Computer Science
2153,Computer Science
2154,Mathematics
2155,Computer Science
2156,Computer Science
2157,Mathematics
2158,Computer Science
2159,Computer Science
2160,Computer Science
2161,Physics
2162,Physics
2163,Computer Science
2164,Mathematics
2165,Computer Science
2166,Physics
2167,Physics
2168,Computer Science
2169,Computer Science
2170,Physics
2171,Physics
2172,Physics
2173,Physics
2174,Computer Science
2175,Physics
2176,Computer Science
2177,Computer Science
2178,Computer Science
2179,Mathematics
2180,Computer Science
2181,Physics
2182,Physics
2183,Physics
2184,Computer Science
2185,Computer Science
2186,Computer Science
2187,Physics
2188,Physics
2189,Physics
2190,Physics
2191,Computer Science
2192,Physics
2193,Physics
2194,Computer Science
2195,Computer Science
2196,Computer Science
2197,Physics
2198,Computer Science
2199,Physics
2200,Computer Science
2201,Physics
2202,Computer Science
2203,Physics
2204,Computer Science
2205,Mathematics
2206,Physics
2207,Physics
2208,Computer Science
2209,Physics
2210,Computer Science
2211,Computer Science
2212,Mathematics
2213,Computer Science
2214,Computer Science
2215,Physics
2216,Mathematics
2217,Computer Science
2218,Physics
2219,Physics
2220,Physics
2221,Computer Science
2222,Computer Science
2223,Physics
2224,Computer Science
2225,Mathematics
2226,Computer Science
2227,Computer Science
2228,Computer Science
2229,Physics
2230,Computer Science
2231,Computer Science
2232,Computer Science
2233,Computer Science
2234,Physics
2235,Computer Science
2236,Computer Science
2237,Computer Science
2238,Computer Science
2239,Computer Science
2240,Computer Science
2241,Computer Science
2242,Computer Science
2243,Mathematics
2244,Physics
2245,Computer Science
2246,Computer Science
2247,Physics
2248,Computer Science
2249,Computer Science
2250,Mathematics
2251,Physics
2252,Physics
2253,Computer Science
2254,Computer Science
2255,Computer Science
2256,Computer Science
2257,Physics
2258,Computer Science
2259,Mathematics
2260,Physics
2261,Computer Science
2262,Computer Science
2263,Computer Science
2264,Computer Science
2265,Physics
2266,Computer Science
2267,Physics
2268,Computer Science
2269,Physics
2270,Physics
2271,Computer Science
2272,Computer Science
2273,Mathematics
2274,Physics
2275,Computer Science
2276,Physics
2277,Computer Science
2278,Physics
2279,Computer Science
2280,Computer Science
2281,Computer Science
2282,Physics
2283,Computer Science
2284,Computer Science
2285,Mathematics
2286,Computer Science
2287,Computer Science
2288,Physics
2289,Physics
2290,Computer Science
2291,Physics
2292,Computer Science
2293,Physics
2294,Physics
2295,Physics
2296,Physics
2297,Physics
2298,Computer Science
2299,Computer Science
2300,Computer Science
2301,Physics
2302,Mathematics
2303,Computer Science
2304,Computer Science
2305,Mathematics
2306,Mathematics
2307,Mathematics
2308,Physics
2309,Computer Science
2310,Physics
2311,Computer Science
2312,Computer Science
2313,Computer Science
2314,Mathematics
2315,Computer Science
2316,Computer Science
2317,Computer Science
2318,Physics
2319,Mathematics
2320,Physics
2321,Physics
2322,Computer Science
2323,Computer Science
2324,Computer Science
2325,Computer Science
2326,Mathematics
2327,Computer Science
2328,Physics
2329,Mathematics
2330,Computer Science
2331,Computer Science
2332,Mathematics
2333,Computer Science
2334,Computer Science
2335,Computer Science
2336,Physics
2337,Computer Science
2338,Computer Science
2339,Computer Science
2340,Mathematics
2341,Computer Science
2342,Computer Science
2343,Computer Science
2344,Computer Science
2345,Physics
2346,Computer Science
2347,Computer Science
2348,Computer Science
2349,Computer Science
2350,Computer Science
2351,Computer Science
2352,Mathematics
2353,Physics
2354,Mathematics
2355,Physics
2356,Computer Science
2357,Computer Science
2358,Physics
2359,Mathematics
2360,Computer Science
2361,Physics
2362,Computer Science
2363,Physics
2364,Mathematics
2365,Computer Science
2366,Computer Science
2367,Physics
2368,Computer Science
2369,Physics
2370,Computer Science
2371,Computer Science
2372,Mathematics
2373,Computer Science
2374,Physics
2375,Mathematics
2376,Physics
2377,Mathematics
2378,Computer Science
2379,Computer Science
2380,Computer Science
2381,Physics
2382,Physics
2383,Computer Science
2384,Physics
2385,Physics
2386,Computer Science
2387,Computer Science
2388,Computer Science
2389,Computer Science
2390,Computer Science
2391,Mathematics
2392,Computer Science
2393,Computer Science
2394,Physics
2395,Mathematics
2396,Computer Science
2397,Computer Science
2398,Mathematics
2399,Computer Science
2400,Computer Science
2401,Computer Science
2402,Computer Science
2403,Computer Science
2404,Computer Science
2405,Computer Science
2406,Mathematics
2407,Computer Science
2408,Computer Science
2409,Computer Science
2410,Computer Science
2411,Computer Science
2412,Physics
2413,Computer Science
2414,Physics
2415,Computer Science
2416,Computer Science
2417,Computer Science
2418,Computer Science
2419,Computer Science
2420,Computer Science
2421,Physics
2422,Physics
2423,Computer Science
2424,Physics
2425,Physics
2426,Computer Science
2427,Computer Science
2428,Physics
2429,Physics
2430,Mathematics
2431,Computer Science
2432,Physics
2433,Computer Science
2434,Computer Science
2435,Computer Science
2436,Computer Science
2437,Physics
2438,Mathematics
2439,Mathematics
2440,Mathematics
2441,Computer Science
2442,Mathematics
2443,Mathematics
2444,Computer Science
2445,Computer Science
2446,Physics
2447,Physics
2448,Computer Science
2449,Computer Science
2450,Computer Science
2451,Physics
2452,Physics
2453,Computer Science
2454,Physics
2455,Mathematics
2456,Computer Science
2457,Computer Science
2458,Physics
2459,Computer Science
2460,Mathematics
2461,Computer Science
2462,Physics
2463,Computer Science
2464,Computer Science
2465,Computer Science
2466,Mathematics
2467,Computer Science
2468,Physics
2469,Computer Science
2470,Computer Science
2471,Physics
2472,Mathematics
2473,Computer Science
2474,Physics
2475,Computer Science
2476,Computer Science
2477,Computer Science
2478,Computer Science
2479,Computer Science
2480,Computer Science
2481,Physics
2482,Physics
2483,Computer Science
2484,Computer Science
2485,Computer Science
2486,Computer Science
2487,Physics
2488,Computer Science
2489,Computer Science
2490,Computer Science
2491,Mathematics
2492,Computer Science
2493,Computer Science
2494,Physics
2495,Computer Science
2496,Computer Science
2497,Mathematics
2498,Computer Science
2499,Computer Science
2500,Mathematics
2501,Computer Science
2502,Computer Science
2503,Mathematics
2504,Computer Science
2505,Computer Science
2506,Computer Science
2507,Computer Science
2508,Computer Science
2509,Computer Science
2510,Computer Science
2511,Physics
2512,Computer Science
2513,Physics
2514,Mathematics
2515,Computer Science
2516,Physics
2517,Computer Science
2518,Computer Science
2519,Mathematics
2520,Physics
2521,Physics
2522,Mathematics
2523,Physics
2524,Computer Science
2525,Physics
2526,Physics
2527,Mathematics
2528,Mathematics
2529,Physics
2530,Computer Science
2531,Computer Science
2532,Computer Science
2533,Computer Science
2534,Mathematics
2535,Computer Science
2536,Computer Science
2537,Physics
2538,Computer Science
2539,Physics
2540,Physics
2541,Computer Science
2542,Mathematics
2543,Computer Science
2544,Computer Science
2545,Computer Science
2546,Physics
2547,Physics
2548,Computer Science
2549,Computer Science
2550,Mathematics
2551,Computer Science
2552,Computer Science
2553,Computer Science
2554,Physics
2555,Physics
2556,Computer Science
2557,Mathematics
2558,Physics
2559,Physics
2560,Computer Science
2561,Computer Science
2562,Computer Science
2563,Physics
2564,Physics
2565,Physics
2566,Computer Science
2567,Physics
2568,Physics
2569,Computer Science
2570,Computer Science
2571,Computer Science
2572,Physics
2573,Computer Science
2574,Mathematics
2575,Physics
2576,Mathematics
2577,Physics
2578,Physics
2579,Computer Science
2580,Computer Science
2581,Physics
2582,Physics
2583,Computer Science
2584,Computer Science
2585,Computer Science
2586,Computer Science
2587,Computer Science
2588,Physics
2589,Mathematics
2590,Physics
2591,Mathematics
2592,Mathematics
2593,Computer Science
2594,Computer Science
2595,Computer Science
2596,Physics
2597,Mathematics
2598,Computer Science
2599,Mathematics
2600,Computer Science
2601,Physics
2602,Physics
2603,Physics
2604,Computer Science
2605,Computer Science
2606,Mathematics
2607,Mathematics
2608,Computer Science
2609,Computer Science
2610,Computer Science
2611,Computer Science
2612,Computer Science
2613,Computer Science
2614,Physics
2615,Computer Science
2616,Computer Science
2617,Mathematics
2618,Mathematics
2619,Mathematics
2620,Computer Science
2621,Computer Science
2622,Computer Science
2623,Physics
2624,Computer Science
2625,Physics
2626,Physics
2627,Computer Science
2628,Physics
2629,Computer Science
2630,Physics
2631,Computer Science
2632,Physics
2633,Computer Science
2634,Physics
2635,Physics
2636,Computer Science
2637,Physics
2638,Physics
2639,Computer Science
2640,Physics
2641,Computer Science
2642,Physics
2643,Physics
2644,Computer Science
2645,Mathematics
2646,Computer Science
2647,Physics
2648,Physics
2649,Computer Science
2650,Computer Science
2651,Mathematics
2652,Physics
2653,Physics
2654,Physics
2655,Computer Science
2656,Physics
2657,Physics
2658,Computer Science
2659,Physics
2660,Computer Science
2661,Physics
2662,Physics
2663,Physics
2664,Physics
2665,Physics
2666,Computer Science
2667,Computer Science
2668,Physics
2669,Computer Science
2670,Physics
2671,Physics
2672,Computer Science
2673,Computer Science
2674,Physics
2675,Physics
2676,Computer Science
2677,Mathematics
2678,Physics
2679,Physics
2680,Physics
2681,Computer Science
2682,Mathematics
2683,Computer Science
2684,Physics
2685,Computer Science
2686,Computer Science
2687,Mathematics
2688,Physics
2689,Computer Science
2690,Computer Science
2691,Computer Science
2692,Computer Science
2693,Mathematics
2694,Physics
2695,Mathematics
2696,Computer Science
2697,Physics
2698,Mathematics
2699,Computer Science
2700,Physics
2701,Computer Science
2702,Computer Science
2703,Computer Science
2704,Physics
2705,Computer Science
2706,Computer Science
2707,Physics
2708,Computer Science
2709,Computer Science
2710,Mathematics
2711,Computer Science
2712,Computer Science
2713,Physics
2714,Physics
2715,Computer Science
2716,Mathematics
2717,Computer Science
2718,Computer Science
2719,Computer Science
2720,Computer Science
2721,Mathematics
2722,Mathematics
2723,Computer Science
2724,Computer Science
2725,Physics
2726,Computer Science
2727,Computer Science
2728,Physics
2729,Computer Science
2730,Computer Science
2731,Mathematics
2732,Physics
2733,Computer Science
2734,Computer Science
2735,Computer Science
2736,Computer Science
2737,Computer Science
2738,Computer Science
2739,Physics
2740,Physics
2741,Computer Science
2742,Physics
2743,Computer Science
2744,Computer Science
2745,Physics
2746,Mathematics
2747,Computer Science
2748,Physics
2749,Computer Science
2750,Computer Science
2751,Computer Science
2752,Computer Science
2753,Physics
2754,Computer Science
2755,Computer Science
2756,Physics
2757,Computer Science
2758,Computer Science
2759,Computer Science
2760,Computer Science
2761,Physics
2762,Computer Science
2763,Computer Science
2764,Physics
2765,Physics
2766,Computer Science
2767,Computer Science
2768,Physics
2769,Physics
2770,Physics
2771,Computer Science
2772,Computer Science
2773,Computer Science
2774,Computer Science
2775,Physics
2776,Computer Science
2777,Mathematics
2778,Computer Science
2779,Mathematics
2780,Computer Science
2781,Physics
2782,Physics
2783,Mathematics
2784,Computer Science
2785,Computer Science
2786,Computer Science
2787,Computer Science
2788,Computer Science
2789,Computer Science
2790,Computer Science
2791,Computer Science
2792,Computer Science
2793,Computer Science
2794,Computer Science
2795,Computer Science
2796,Mathematics
2797,Computer Science
2798,Computer Science
2799,Physics
2800,Mathematics
2801,Mathematics
2802,Mathematics
2803,Mathematics
2804,Physics
2805,Mathematics
2806,Physics
2807,Computer Science
2808,Computer Science
2809,Computer Science
2810,Physics
2811,Computer Science
2812,Computer Science
2813,Computer Science
2814,Mathematics
2815,Computer Science
2816,Computer Science
2817,Computer Science
2818,Computer Science
2819,Computer Science
2820,Computer Science
2821,Computer Science
2822,Physics
2823,Mathematics
2824,Mathematics
2825,Physics
2826,Computer Science
2827,Computer Science
2828,Computer Science
2829,Physics
2830,Computer Science
2831,Computer Science
2832,Computer Science
2833,Computer Science
2834,Computer Science
2835,Computer Science
2836,Computer Science
2837,Computer Science
2838,Physics
2839,Computer Science
2840,Computer Science
2841,Physics
2842,Mathematics
2843,Mathematics
2844,Computer Science
2845,Computer Science
2846,Computer Science
2847,Physics
2848,Computer Science
2849,Computer Science
2850,Computer Science
2851,Computer Science
2852,Mathematics
2853,Computer Science
2854,Computer Science
2855,Physics
2856,Mathematics
2857,Computer Science
2858,Computer Science
2859,Physics
2860,Computer Science
2861,Physics
2862,Computer Science
2863,Computer Science
2864,Mathematics
2865,Computer Science
2866,Mathematics
2867,Computer Science
2868,Computer Science
2869,Mathematics
2870,Computer Science
2871,Physics
2872,Physics
2873,Computer Science
2874,Physics
2875,Computer Science
2876,Computer Science
2877,Physics
2878,Mathematics
2879,Mathematics
2880,Computer Science
2881,Computer Science
2882,Computer Science
2883,Computer Science
2884,Physics
2885,Computer Science
2886,Computer Science
2887,Mathematics
2888,Mathematics
2889,Computer Science
2890,Physics
2891,Computer Science
2892,Computer Science
2893,Mathematics
2894,Physics
2895,Physics
2896,Computer Science
2897,Computer Science
2898,Computer Science
2899,Mathematics
2900,Mathematics
2901,Physics
2902,Computer Science
2903,Computer Science
2904,Computer Science
2905,Computer Science
2906,Mathematics
2907,Computer Science
2908,Physics
2909,Computer Science
2910,Physics
2911,Mathematics
2912,Computer Science
2913,Physics
2914,Physics
2915,Computer Science
2916,Computer Science
2917,Physics
2918,Physics
2919,Physics
2920,Computer Science
2921,Computer Science
2922,Physics
2923,Computer Science
2924,Physics
2925,Physics
2926,Computer Science
2927,Computer Science
2928,Mathematics
2929,Computer Science
2930,Computer Science
2931,Computer Science
2932,Mathematics
2933,Physics
2934,Physics
2935,Physics
2936,Computer Science
2937,Computer Science
2938,Physics
2939,Computer Science
2940,Physics
2941,Computer Science
2942,Physics
2943,Mathematics
2944,Computer Science
2945,Computer Science
2946,Computer Science
2947,Physics
2948,Mathematics
2949,Computer Science
2950,Computer Science
2951,Physics
2952,Computer Science
2953,Computer Science
2954,Computer Science
2955,Computer Science
2956,Physics
2957,Computer Science
2958,Mathematics
2959,Physics
2960,Computer Science
2961,Computer Science
2962,Computer Science
2963,Physics
2964,Computer Science
2965,Computer Science
2966,Physics
2967,Computer Science
2968,Computer Science
2969,Computer Science
2970,Computer Science
2971,Physics
2972,Physics
2973,Physics
2974,Computer Science
2975,Computer Science
2976,Computer Science
2977,Physics
2978,Physics
2979,Physics
2980,Mathematics
2981,Computer Science
2982,Mathematics
2983,Mathematics
2984,Computer Science
2985,Computer Science
2986,Physics
2987,Computer Science
2988,Physics
2989,Computer Science
2990,Physics
2991,Physics
2992,Physics
2993,Physics
2994,Computer Science
2995,Computer Science
2996,Computer Science
2997,Computer Science
2998,Computer Science
2999,Computer Science
3000,Computer Science
3001,Mathematics
3002,Computer Science
3003,Physics
3004,Physics
3005,Physics
3006,Physics
3007,Computer Science
3008,Computer Science
3009,Computer Science
3010,Physics
3011,Computer Science
3012,Computer Science
3013,Mathematics
3014,Computer Science
3015,Computer Science
3016,Computer Science
3017,Physics
3018,Physics
3019,Mathematics
3020,Computer Science
3021,Computer Science
3022,Computer Science
3023,Physics
3024,Computer Science
3025,Mathematics
3026,Computer Science
3027,Computer Science
3028,Physics
3029,Mathematics
3030,Physics
3031,Computer Science
3032,Mathematics
3033,Computer Science
3034,Computer Science
3035,Physics
3036,Computer Science
3037,Computer Science
3038,Mathematics
3039,Physics
3040,Physics
3041,Computer Science
3042,Computer Science
3043,Mathematics
3044,Mathematics
3045,Physics
3046,Mathematics
3047,Physics
3048,Mathematics
3049,Physics
3050,Computer Science
3051,Computer Science
3052,Physics
3053,Mathematics
3054,Mathematics
3055,Computer Science
3056,Computer Science
3057,Computer Science
3058,Computer Science
3059,Computer Science
3060,Computer Science
3061,Computer Science
3062,Computer Science
3063,Computer Science
3064,Computer Science
3065,Computer Science
3066,Physics
3067,Mathematics
3068,Computer Science
3069,Computer Science
3070,Computer Science
3071,Computer Science
3072,Mathematics
3073,Physics
3074,Computer Science
3075,Mathematics
3076,Computer Science
3077,Computer Science
3078,Computer Science
3079,Computer Science
3080,Computer Science
3081,Computer Science
3082,Computer Science
3083,Physics
3084,Computer Science
3085,Computer Science
3086,Physics
3087,Computer Science
3088,Physics
3089,Mathematics
3090,Physics
3091,Mathematics
3092,Physics
3093,Computer Science
3094,Physics
3095,Mathematics
3096,Computer Science
3097,Physics
3098,Physics
3099,Computer Science
3100,Physics
3101,Computer Science
3102,Computer Science
3103,Physics
3104,Computer Science
3105,Computer Science
3106,Computer Science
3107,Physics
3108,Computer Science
3109,Computer Science
3110,Physics
3111,Computer Science
3112,Computer Science
3113,Computer Science
3114,Physics
3115,Computer Science
3116,Computer Science
3117,Physics
3118,Computer Science
3119,Computer Science
3120,Mathematics
3121,Physics
3122,Physics
3123,Mathematics
3124,Computer Science
3125,Computer Science
3126,Computer Science
3127,Physics
3128,Computer Science
3129,Mathematics
3130,Computer Science
3131,Physics
3132,Computer Science
3133,Mathematics
3134,Physics
3135,Computer Science
3136,Computer Science
3137,Physics
3138,Computer Science
3139,Computer Science
3140,Computer Science
3141,Physics
3142,Computer Science
3143,Computer Science
3144,Mathematics
3145,Computer Science
3146,Physics
3147,Physics
3148,Computer Science
3149,Physics
3150,Computer Science
3151,Computer Science
3152,Computer Science
3153,Physics
3154,Physics
3155,Computer Science
3156,Physics
3157,Computer Science
3158,Physics
3159,Physics
3160,Physics
3161,Physics
3162,Physics
3163,Computer Science
3164,Mathematics
3165,Computer Science
3166,Computer Science
3167,Computer Science
3168,Computer Science
3169,Computer Science
3170,Physics
3171,Physics
3172,Computer Science
3173,Physics
3174,Physics
3175,Physics
3176,Physics
3177,Computer Science
3178,Computer Science
3179,Physics
3180,Physics
3181,Computer Science
3182,Computer Science
3183,Mathematics
3184,Computer Science
3185,Computer Science
3186,Computer Science
3187,Computer Science
3188,Computer Science
3189,Computer Science
3190,Physics
3191,Computer Science
3192,Physics
3193,Computer Science
3194,Physics
3195,Computer Science
3196,Computer Science
3197,Physics
3198,Computer Science
3199,Computer Science
3200,Mathematics
3201,Computer Science
3202,Computer Science
3203,Physics
3204,Computer Science
3205,Physics
3206,Computer Science
3207,Computer Science
3208,Physics
3209,Physics
3210,Physics
3211,Physics
3212,Physics
3213,Computer Science
3214,Physics
3215,Computer Science
3216,Mathematics
3217,Computer Science
3218,Computer Science
3219,Mathematics
3220,Computer Science
3221,Physics
3222,Computer Science
3223,Computer Science
3224,Computer Science
3225,Mathematics
3226,Computer Science
3227,Computer Science
3228,Computer Science
3229,Mathematics
3230,Physics
3231,Physics
3232,Computer Science
3233,Computer Science
3234,Computer Science
3235,Computer Science
3236,Computer Science
3237,Mathematics
3238,Computer Science
3239,Mathematics
3240,Mathematics
3241,Mathematics
3242,Computer Science
3243,Physics
3244,Physics
3245,Computer Science
3246,Computer Science
3247,Mathematics
3248,Computer Science
3249,Physics
3250,Physics
3251,Computer Science
3252,Computer Science
3253,Computer Science
3254,Computer Science
3255,Computer Science
3256,Computer Science
3257,Computer Science
3258,Computer Science
3259,Physics
3260,Computer Science
3261,Physics
3262,Computer Science
3263,Physics
3264,Physics
3265,Computer Science
3266,Physics
3267,Computer Science
3268,Computer Science
3269,Computer Science
3270,Computer Science
3271,Computer Science
3272,Physics
3273,Computer Science
3274,Computer Science
3275,Physics
3276,Mathematics
3277,Computer Science
3278,Computer Science
3279,Physics
3280,Computer Science
3281,Physics
3282,Physics
3283,Physics
3284,Computer Science
3285,Computer Science
3286,Computer Science
3287,Computer Science
3288,Computer Science
3289,Mathematics
3290,Computer Science
3291,Computer Science
3292,Computer Science
3293,Mathematics
3294,Computer Science
3295,Mathematics
3296,Physics
3297,Computer Science
3298,Physics
3299,Computer Science
3300,Computer Science
3301,Mathematics
3302,Physics
3303,Mathematics
3304,Computer Science
3305,Computer Science
3306,Computer Science
3307,Computer Science
3308,Computer Science
3309,Computer Science
3310,Physics
3311,Computer Science
3312,Mathematics
3313,Physics
3314,Computer Science
3315,Physics
3316,Computer Science
3317,Computer Science
3318,Physics
3319,Computer Science
3320,Physics
3321,Physics
3322,Computer Science
3323,Physics
3324,Computer Science
3325,Mathematics
3326,Computer Science
3327,Computer Science
3328,Computer Science
3329,Physics
3330,Physics
3331,Physics
3332,Computer Science
3333,Physics
3334,Computer Science
3335,Computer Science
3336,Mathematics
3337,Computer Science
3338,Computer Science
3339,Mathematics
3340,Computer Science
3341,Computer Science
3342,Computer Science
3343,Computer Science
3344,Physics
3345,Computer Science
3346,Computer Science
3347,Computer Science
3348,Mathematics
3349,Mathematics
3350,Physics
3351,Computer Science
3352,Physics
3353,Mathematics
3354,Physics
3355,Computer Science
3356,Physics
3357,Physics
3358,Physics
3359,Computer Science
3360,Physics
3361,Computer Science
3362,Mathematics
3363,Physics
3364,Computer Science
3365,Physics
3366,Computer Science
3367,Computer Science
3368,Physics
3369,Physics
3370,Computer Science
3371,Mathematics
3372,Computer Science
3373,Physics
3374,Physics
3375,Computer Science
3376,Computer Science
3377,Physics
3378,Physics
3379,Computer Science
3380,Computer Science
3381,Computer Science
3382,Computer Science
3383,Mathematics
3384,Computer Science
3385,Computer Science
3386,Computer Science
3387,"Computer Science,Statistics"
3388,Computer Science
3389,Mathematics
3390,Computer Science
3391,Computer Science
3392,Physics
3393,Physics
3394,Computer Science
3395,Physics
3396,Computer Science
3397,Computer Science
3398,Computer Science
3399,Computer Science
3400,Computer Science
3401,Computer Science
3402,Mathematics
3403,Computer Science
3404,Physics
3405,Computer Science
3406,Physics
3407,Computer Science
3408,Computer Science
3409,Computer Science
3410,Mathematics
3411,Computer Science
3412,Physics
3413,Physics
3414,Mathematics
3415,Physics
3416,Computer Science
3417,Computer Science
3418,Computer Science
3419,Physics
3420,Computer Science
3421,Physics
3422,Physics
3423,Computer Science
3424,Physics
3425,Computer Science
3426,Physics
3427,Computer Science
3428,Physics
3429,Computer Science
3430,Computer Science
3431,Computer Science
3432,Computer Science
3433,Physics
3434,Computer Science
3435,Mathematics
3436,Physics
3437,Computer Science
3438,Physics
3439,Physics
3440,Physics
3441,Computer Science
3442,Computer Science
3443,Computer Science
3444,Physics
3445,Mathematics
3446,Computer Science
3447,Physics
3448,Computer Science
3449,Computer Science
3450,Mathematics
3451,Mathematics
3452,Computer Science
3453,Mathematics
3454,Physics
3455,Computer Science
3456,Computer Science
3457,Computer Science
3458,Physics
3459,Physics
3460,Computer Science
3461,Mathematics
3462,Computer Science
3463,Computer Science
3464,Computer Science
3465,Computer Science
3466,Mathematics
3467,Computer Science
3468,Mathematics
3469,Computer Science
3470,Mathematics
3471,Computer Science
3472,Physics
3473,Mathematics
3474,Physics
3475,Computer Science
3476,Mathematics
3477,Physics
3478,Computer Science
3479,Mathematics
3480,Mathematics
3481,Physics
3482,Computer Science
3483,Physics
3484,Computer Science
3485,Physics
3486,Computer Science
3487,Computer Science
3488,Mathematics
3489,Physics
3490,Computer Science
3491,Physics
3492,Physics
3493,Physics
3494,Computer Science
3495,Computer Science
3496,Computer Science
3497,Physics
3498,Mathematics
3499,Physics
3500,Mathematics
3501,Computer Science
3502,Computer Science
3503,Computer Science
3504,Computer Science
3505,Computer Science
3506,Computer Science
3507,Mathematics
3508,Computer Science
3509,Mathematics
3510,Physics
3511,Physics
3512,Physics
3513,Computer Science
3514,Computer Science
3515,Computer Science
3516,Computer Science
3517,Physics
3518,Computer Science
3519,Computer Science
3520,Computer Science
3521,Computer Science
3522,Physics
3523,Computer Science
3524,Computer Science
3525,Computer Science
3526,Computer Science
3527,Computer Science
3528,Computer Science
3529,Computer Science
3530,Computer Science
3531,Physics
3532,Computer Science
3533,Computer Science
3534,Computer Science
3535,Computer Science
3536,Mathematics
3537,Computer Science
3538,Mathematics
3539,Computer Science
3540,Mathematics
3541,Computer Science
3542,Computer Science
3543,Mathematics
3544,Computer Science
3545,Computer Science
3546,Computer Science
3547,Computer Science
3548,Computer Science
3549,Computer Science
3550,Computer Science
3551,Computer Science
3552,Computer Science
3553,Physics
3554,Computer Science
3555,Physics
3556,Computer Science
3557,Computer Science
3558,Physics
3559,Computer Science
3560,Computer Science
3561,Computer Science
3562,Mathematics
3563,Computer Science
3564,Physics
3565,Physics
3566,Physics
3567,Computer Science
3568,Mathematics
3569,Computer Science
3570,Computer Science
3571,Mathematics
3572,Computer Science
3573,Computer Science
3574,Computer Science
3575,Computer Science
3576,Mathematics
3577,Physics
3578,Computer Science
3579,Physics
3580,Mathematics
3581,Physics
3582,Computer Science
3583,Physics
3584,Mathematics
3585,Physics
3586,Computer Science
3587,Mathematics
3588,Computer Science
3589,Mathematics
3590,Physics
3591,Physics
3592,Physics
3593,Mathematics
3594,Physics
3595,Computer Science
3596,Computer Science
3597,Computer Science
3598,Computer Science
3599,Computer Science
3600,Physics
3601,Physics
3602,Computer Science
3603,Computer Science
3604,Physics
3605,Computer Science
3606,Computer Science
3607,Mathematics
3608,Physics
3609,Mathematics
3610,Computer Science
3611,Computer Science
3612,Computer Science
3613,Physics
3614,Physics
3615,Computer Science
3616,Computer Science
3617,Physics
3618,Mathematics
3619,Physics
3620,Physics
3621,Computer Science
3622,Computer Science
3623,Computer Science
3624,Physics
3625,Physics
3626,Physics
3627,Computer Science
3628,Physics
3629,Computer Science
3630,Physics
3631,Computer Science
3632,Computer Science
3633,Computer Science
3634,Computer Science
3635,Mathematics
3636,Computer Science
3637,Physics
3638,Computer Science
3639,Physics
3640,Computer Science
3641,Computer Science
3642,Mathematics
3643,Computer Science
3644,Computer Science
3645,Computer Science
3646,Computer Science
3647,Computer Science
3648,Mathematics
3649,Computer Science
3650,Computer Science
3651,Computer Science
3652,Computer Science
3653,Computer Science
3654,Mathematics
3655,Computer Science
3656,Computer Science
3657,Physics
3658,Computer Science
3659,Computer Science
3660,Mathematics
3661,Computer Science
3662,Computer Science
3663,Physics
3664,Physics
3665,Computer Science
3666,Physics
3667,Mathematics
3668,Physics
3669,Physics
3670,Physics
3671,Physics
3672,Computer Science
3673,Physics
3674,Computer Science
3675,Physics
3676,Computer Science
3677,Computer Science
3678,Computer Science
3679,Physics
3680,Computer Science
3681,Computer Science
3682,Computer Science
3683,Computer Science
3684,Computer Science
3685,Mathematics
3686,Physics
3687,Computer Science
3688,Computer Science
3689,Computer Science
3690,Mathematics
3691,Physics
3692,Computer Science
3693,Computer Science
3694,Computer Science
3695,Physics
3696,Computer Science
3697,Mathematics
3698,Computer Science
3699,Physics
3700,Computer Science
3701,Physics
3702,Computer Science
3703,Computer Science
3704,Computer Science
3705,Computer Science
3706,Computer Science
3707,Computer Science
3708,Computer Science
3709,Mathematics
3710,Mathematics
3711,Physics
3712,Mathematics
3713,Computer Science
3714,Computer Science
3715,Computer Science
3716,Computer Science
3717,Computer Science
3718,Physics
3719,Physics
3720,Computer Science
3721,Computer Science
3722,Computer Science
3723,Computer Science
3724,Physics
3725,Computer Science
3726,Physics
3727,Mathematics
3728,Computer Science
3729,Computer Science
3730,Computer Science
3731,Physics
3732,Physics
3733,Computer Science
3734,Computer Science
3735,Physics
3736,Computer Science
3737,Computer Science
3738,Computer Science
3739,Computer Science
3740,Computer Science
3741,Physics
3742,Computer Science
3743,Physics
3744,Physics
3745,Computer Science
3746,Computer Science
3747,Computer Science
3748,Computer Science
3749,Physics
3750,Mathematics
3751,Computer Science
3752,Mathematics
3753,Mathematics
3754,Physics
3755,Computer Science
3756,Physics
3757,Computer Science
3758,Computer Science
3759,Computer Science
3760,Mathematics
3761,Computer Science
3762,Computer Science
3763,Physics
3764,Computer Science
3765,Computer Science
3766,Mathematics
3767,Computer Science
3768,Physics
3769,Computer Science
3770,Computer Science
3771,Computer Science
3772,Computer Science
3773,Physics
3774,Computer Science
3775,Physics
3776,Computer Science
3777,Computer Science
3778,Computer Science
3779,Computer Science
3780,Computer Science
3781,Physics
3782,Computer Science
3783,Physics
3784,Mathematics
3785,Physics
3786,Mathematics
3787,Computer Science
3788,Physics
3789,Computer Science
3790,Computer Science
3791,Mathematics
3792,Physics
3793,Physics
3794,Mathematics
3795,Mathematics
3796,Physics
3797,Physics
3798,Computer Science
3799,Computer Science
3800,Computer Science
3801,Computer Science
3802,Computer Science
3803,Computer Science
3804,Mathematics
3805,Mathematics
3806,Computer Science
3807,Computer Science
3808,Computer Science
3809,Computer Science
3810,Computer Science
3811,Mathematics
3812,Mathematics
3813,Computer Science
3814,Computer Science
3815,Mathematics
3816,Computer Science
3817,Computer Science
3818,Computer Science
3819,Computer Science
3820,Physics
3821,Computer Science
3822,Physics
3823,Physics
3824,Computer Science
3825,Mathematics
3826,Computer Science
3827,Computer Science
3828,Physics
3829,Computer Science
3830,Computer Science
3831,Mathematics
3832,Computer Science
3833,Computer Science
3834,Physics
3835,Computer Science
3836,Physics
3837,Computer Science
3838,Physics
3839,Computer Science
3840,Computer Science
3841,Computer Science
3842,Computer Science
3843,Computer Science
3844,Physics
3845,Computer Science
3846,Computer Science
3847,Physics
3848,Physics
3849,Physics
3850,Computer Science
3851,Mathematics
3852,Computer Science
3853,Computer Science
3854,Mathematics
3855,Computer Science
3856,Physics
3857,Physics
3858,Physics
3859,Computer Science
3860,Computer Science
3861,Computer Science
3862,Physics
3863,Computer Science
3864,Physics
3865,Physics
3866,Physics
3867,Physics
3868,Computer Science
3869,Computer Science
3870,Physics
3871,Computer Science
3872,Mathematics
3873,Computer Science
3874,Computer Science
3875,Computer Science
3876,Physics
3877,Computer Science
3878,Physics
3879,Physics
3880,Computer Science
3881,Computer Science
3882,Physics
3883,Physics
3884,Physics
3885,Computer Science
3886,Computer Science
3887,Physics
3888,Computer Science
3889,Computer Science
3890,Computer Science
3891,Computer Science
3892,Computer Science
3893,Mathematics
3894,Mathematics
3895,Physics
3896,Computer Science
3897,Computer Science
3898,Physics
3899,Computer Science
3900,Computer Science
3901,Computer Science
3902,Physics
3903,Computer Science
3904,Computer Science
3905,Computer Science
3906,Physics
3907,Computer Science
3908,Computer Science
3909,Computer Science
3910,Physics
3911,Computer Science
3912,Physics
3913,Computer Science
3914,Physics
3915,Computer Science
3916,Computer Science
3917,Computer Science
3918,Physics
3919,Computer Science
3920,Mathematics
3921,Computer Science
3922,Physics
3923,Mathematics
3924,Computer Science
3925,Physics
3926,Mathematics
3927,Physics
3928,Computer Science
3929,Physics
3930,Computer Science
3931,Computer Science
3932,Physics
3933,Physics
3934,Mathematics
3935,Computer Science
3936,Computer Science
3937,Computer Science
3938,Computer Science
3939,Computer Science
3940,Physics
3941,Computer Science
3942,Computer Science
3943,Mathematics
3944,Computer Science
3945,Physics
3946,Physics
3947,Physics
3948,Computer Science
3949,Physics
3950,Computer Science
3951,Physics
3952,Physics
3953,Computer Science
3954,Physics
3955,Computer Science
3956,Computer Science
3957,Physics
3958,Mathematics
3959,Computer Science
3960,Computer Science
3961,Physics
3962,Physics
3963,Mathematics
3964,Mathematics
3965,Computer Science
3966,Computer Science
3967,Computer Science
3968,Computer Science
3969,Computer Science
3970,Computer Science
3971,Physics
